"image_path","image_stem","safe_image_stem","source_category","target_class","target_class_id","current_split_status","eval_leakage_check"
"data\raw\realsense\labelled\baby_kids_baby_cribs_crib_mattresses_cribs\aelskvaerd-crib-birch-white__1054874_pe847900_s5.jpg","aelskvaerd-crib-birch-white__1054874_pe847900_s5","aelskvaerd_crib_birch_white__1054874_pe847900_s5","baby_kids_baby_cribs_crib_mattresses_cribs","beds_mattresses","0","not_in_current_yolo_split","safe_raw_stem_not_equal_to_or_suffix_of_any_yolo_combined_or_yolo_pseudo_val_or_test_image_stem"
"data\raw\realsense\labelled\baby_kids_baby_cribs_crib_mattresses_cribs\gonatt-crib-with-drawer-white__0842037_pe778850_s5.jpg","gonatt-crib-with-drawer-white__0842037_pe778850_s5","gonatt_crib_with_drawer_white__0842037_pe778850_s5","baby_kids_baby_cribs_crib_mattresses_cribs","beds_mattresses","0","already_in_train_pseudo_or_combined","safe_raw_stem_not_equal_to_or_suffix_of_any_yolo_combined_or_yolo_pseudo_val_or_test_image_stem"
"data\raw\realsense\labelled\baby_kids_baby_cribs_crib_mattresses_cribs\gulliver-crib-white__0637927_pe698612_s5.jpg","gulliver-crib-white__0637927_pe698612_s5","gulliver_crib_white__0637927_pe698612_s5","baby_kids_baby_cribs_crib_mattresses_cribs","beds_mattresses","0","already_in_train_pseudo_or_combined","safe_raw_stem_not_equal_to_or_suffix_of_any_yolo_combined_or_yolo_pseudo_val_or_test_image_stem"
"data\raw\realsense\labelled\baby_kids_baby_cribs_crib_mattresses_cribs\myllra-crib-with-drawer-white__0812404_pe783211_s5.jpg","myllra-crib-with-drawer-white__0812404_pe783211_s5","myllra_crib_with_drawer_white__0812404_pe783211_s5","baby_kids_baby_cribs_crib_mattresses_cribs","beds_mattresses","0","already_in_train_pseudo_or_combined","safe_raw_stem_not_equal_to_or_suffix_of_any_yolo_combined_or_yolo_pseudo_val_or_test_image_stem"
"data\raw\realsense\labelled\baby_kids_baby_cribs_crib_mattresses_cribs\smagoera-crib-white__0772934_pe756151_s5.jpg","smagoera-crib-white__0772934_pe756151_s5","smagoera_crib_white__0772934_pe756151_s5","baby_kids_baby_cribs_crib_mattresses_cribs","beds_mattresses","0","not_in_current_yolo_split","safe_raw_stem_not_equal_to_or_suffix_of_any_yolo_combined_or_yolo_pseudo_val_or_test_image_stem"
"data\raw\realsense\labelled\baby_kids_baby_cribs_crib_mattresses_cribs\sundvik-crib-white__0637935_pe698620_s5.jpg","sundvik-crib-white__0637935_pe698620_s5","sundvik_crib_white__0637935_pe698620_s5","baby_kids_baby_cribs_crib_mattresses_cribs","beds_mattresses","0","already_in_train_pseudo_or_combined","safe_raw_stem_not_equal_to_or_suffix_of_any_yolo_combined_or_yolo_pseudo_val_or_test_image_stem"
"data\raw\realsense\labelled\beds_mattresses_beds_daybeds\brimnes-daybed-frame-with-2-drawers-white__1161827_pe889528_s5.jpg","brimnes-daybed-frame-with-2-drawers-white__1161827_pe889528_s5","brimnes_daybed_frame_with_2_drawers_white__1161827_pe889528_s5","beds_mattresses_beds_daybeds","beds_mattresses","0","not_in_current_yolo_split","safe_raw_stem_not_equal_to_or_suffix_of_any_yolo_combined_or_yolo_pseudo_val_or_test_image_stem"
"data\raw\realsense\labelled\beds_mattresses_beds_daybeds\brimnes-daybed-with-2-drawers-2-mattresses-white-agotnes-firm__1171930_pe893212_s5.jpg","brimnes-daybed-with-2-drawers-2-mattresses-white-agotnes-firm__1171930_pe893212_s5","brimnes_daybed_with_2_drawers_2_mattresses_white_agotnes_firm__1171930_pe893212_s5","beds_mattresses_beds_daybeds","beds_mattresses","0","not_in_current_yolo_split","safe_raw_stem_not_equal_to_or_suffix_of_any_yolo_combined_or_yolo_pseudo_val_or_test_image_stem"
"data\raw\realsense\labelled\beds_mattresses_beds_daybeds\brimnes-daybed-with-2-drawers-2-mattresses-white-asvang-medium-firm__1161840_pe889557_s5.jpg","brimnes-daybed-with-2-drawers-2-mattresses-white-asvang-medium-firm__1161840_pe889557_s5","brimnes_daybed_with_2_drawers_2_mattresses_white_asvang_medium_firm__1161840_pe889557_s5","beds_mattresses_beds_daybeds","beds_mattresses","0","not_in_current_yolo_split","safe_raw_stem_not_equal_to_or_suffix_of_any_yolo_combined_or_yolo_pseudo_val_or_test_image_stem"
"data\raw\realsense\labelled\beds_mattresses_beds_daybeds\flekke-daybed-frame-with-2-drawers-black-brown__1162085_pe889629_s5.jpg","flekke-daybed-frame-with-2-drawers-black-brown__1162085_pe889629_s5","flekke_daybed_frame_with_2_drawers_black_brown__1162085_pe889629_s5","beds_mattresses_beds_daybeds","beds_mattresses","0","not_in_current_yolo_split","safe_raw_stem_not_equal_to_or_suffix_of_any_yolo_combined_or_yolo_pseudo_val_or_test_image_stem"
"data\raw\realsense\labelled\beds_mattresses_beds_daybeds\flekke-daybed-with-2-drawers-2-mattresses-black-brown-agotnes-firm__1171955_pe893218_s5.jpg","flekke-daybed-with-2-drawers-2-mattresses-black-brown-agotnes-firm__1171955_pe893218_s5","flekke_daybed_with_2_drawers_2_mattresses_black_brown_agotnes_firm__1171955_pe893218_s5","beds_mattresses_beds_daybeds","beds_mattresses","0","not_in_current_yolo_split","safe_raw_stem_not_equal_to_or_suffix_of_any_yolo_combined_or_yolo_pseudo_val_or_test_image_stem"
"data\raw\realsense\labelled\beds_mattresses_beds_daybeds\flekke-daybed-with-2-drawers-2-mattresses-black-brown-asvang-medium-firm__1162088_pe889631_s5.jpg","flekke-daybed-with-2-drawers-2-mattresses-black-brown-asvang-medium-firm__1162088_pe889631_s5","flekke_daybed_with_2_drawers_2_mattresses_black_brown_asvang_medium_firm__1162088_pe889631_s5","beds_mattresses_beds_daybeds","beds_mattresses","0","not_in_current_yolo_split","safe_raw_stem_not_equal_to_or_suffix_of_any_yolo_combined_or_yolo_pseudo_val_or_test_image_stem"
"data\raw\realsense\labelled\beds_mattresses_beds_daybeds\fyresdal-daybed-frame-white__1408791_pe972004_s5.jpg","fyresdal-daybed-frame-white__1408791_pe972004_s5","fyresdal_daybed_frame_white__1408791_pe972004_s5","beds_mattresses_beds_daybeds","beds_mattresses","0","not_in_current_yolo_split","safe_raw_stem_not_equal_to_or_suffix_of_any_yolo_combined_or_yolo_pseudo_val_or_test_image_stem"
"data\raw\realsense\labelled\beds_mattresses_beds_daybeds\fyresdal-daybed-with-2-mattresses-black-asvang-medium-firm__1162174_pe889672_s5.jpg","fyresdal-daybed-with-2-mattresses-black-asvang-medium-firm__1162174_pe889672_s5","fyresdal_daybed_with_2_mattresses_black_asvang_medium_firm__1162174_pe889672_s5","beds_mattresses_beds_daybeds","beds_mattresses","0","already_in_train_pseudo_or_combined","safe_raw_stem_not_equal_to_or_suffix_of_any_yolo_combined_or_yolo_pseudo_val_or_test_image_stem"
"data\raw\realsense\labelled\beds_mattresses_beds_daybeds\glamberget-extendable-bed-w-stor-2-mattresses-pine-agotnes-firm__1335919_pe947207_s5.jpg","glamberget-extendable-bed-w-stor-2-mattresses-pine-agotnes-firm__1335919_pe947207_s5","glamberget_extendable_bed_w_stor_2_mattresses_pine_agotnes_firm__1335919_pe947207_s5","beds_mattresses_beds_daybeds","beds_mattresses","0","not_in_current_yolo_split","safe_raw_stem_not_equal_to_or_suffix_of_any_yolo_combined_or_yolo_pseudo_val_or_test_image_stem"
"data\raw\realsense\labelled\beds_mattresses_beds_daybeds\hemnes-daybed-frame-with-3-drawers-white__1180454_pe896328_s5.jpg","hemnes-daybed-frame-with-3-drawers-white__1180454_pe896328_s5","hemnes_daybed_frame_with_3_drawers_white__1180454_pe896328_s5","beds_mattresses_beds_daybeds","beds_mattresses","0","not_in_current_yolo_split","safe_raw_stem_not_equal_to_or_suffix_of_any_yolo_combined_or_yolo_pseudo_val_or_test_image_stem"
"data\raw\realsense\labelled\beds_mattresses_beds_daybeds\hemnes-daybed-with-3-drawers-2-mattresses-white-asvang-medium-firm__1180460_pe896336_s5.jpg","hemnes-daybed-with-3-drawers-2-mattresses-white-asvang-medium-firm__1180460_pe896336_s5","hemnes_daybed_with_3_drawers_2_mattresses_white_asvang_medium_firm__1180460_pe896336_s5","beds_mattresses_beds_daybeds","beds_mattresses","0","not_in_current_yolo_split","safe_raw_stem_not_equal_to_or_suffix_of_any_yolo_combined_or_yolo_pseudo_val_or_test_image_stem"
"data\raw\realsense\labelled\beds_mattresses_beds_daybeds\utaker-stackable-bed-pine__1161849_pe889565_s5.jpg","utaker-stackable-bed-pine__1161849_pe889565_s5","utaker_stackable_bed_pine__1161849_pe889565_s5","beds_mattresses_beds_daybeds","beds_mattresses","0","already_in_train_pseudo_or_combined","safe_raw_stem_not_equal_to_or_suffix_of_any_yolo_combined_or_yolo_pseudo_val_or_test_image_stem"
"data\raw\realsense\labelled\beds_mattresses_beds_daybeds\utaker-stackable-bed-with-2-mattresses-pine-asvang-medium-firm__1161848_pe889564_s5.jpg","utaker-stackable-bed-with-2-mattresses-pine-asvang-medium-firm__1161848_pe889564_s5","utaker_stackable_bed_with_2_mattresses_pine_asvang_medium_firm__1161848_pe889564_s5","beds_mattresses_beds_daybeds","beds_mattresses","0","not_in_current_yolo_split","safe_raw_stem_not_equal_to_or_suffix_of_any_yolo_combined_or_yolo_pseudo_val_or_test_image_stem"
"data\raw\realsense\labelled\beds_mattresses_beds_daybeds\vihals-daybed-frame-white__1420913_pe977540_s5.jpg","vihals-daybed-frame-white__1420913_pe977540_s5","vihals_daybed_frame_white__1420913_pe977540_s5","beds_mattresses_beds_daybeds","beds_mattresses","0","not_in_current_yolo_split","safe_raw_stem_not_equal_to_or_suffix_of_any_yolo_combined_or_yolo_pseudo_val_or_test_image_stem"
"data\raw\realsense\labelled\beds_mattresses_beds_daybeds\vihals-day-bed-frame-with-storage-white__1426644_pe979884_s5.jpg","vihals-day-bed-frame-with-storage-white__1426644_pe979884_s5","vihals_day_bed_frame_with_storage_white__1426644_pe979884_s5","beds_mattresses_beds_daybeds","beds_mattresses","0","not_in_current_yolo_split","safe_raw_stem_not_equal_to_or_suffix_of_any_yolo_combined_or_yolo_pseudo_val_or_test_image_stem"
"data\raw\realsense\labelled\beds_mattresses_beds_daybeds\vihals-day-bed-with-1-mattress-white-vannareid-firm__1426611_pe979877_s5.jpg","vihals-day-bed-with-1-mattress-white-vannareid-firm__1426611_pe979877_s5","vihals_day_bed_with_1_mattress_white_vannareid_firm__1426611_pe979877_s5","beds_mattresses_beds_daybeds","beds_mattresses","0","not_in_current_yolo_split","safe_raw_stem_not_equal_to_or_suffix_of_any_yolo_combined_or_yolo_pseudo_val_or_test_image_stem"
"data\raw\realsense\labelled\beds_mattresses_beds_daybeds\vihals-day-bed-with-storage-1-mattress-white-agotnes-firm__1426986_pe980114_s5.jpg","vihals-day-bed-with-storage-1-mattress-white-agotnes-firm__1426986_pe980114_s5","vihals_day_bed_with_storage_1_mattress_white_agotnes_firm__1426986_pe980114_s5","beds_mattresses_beds_daybeds","beds_mattresses","0","not_in_current_yolo_split","safe_raw_stem_not_equal_to_or_suffix_of_any_yolo_combined_or_yolo_pseudo_val_or_test_image_stem"
"data\raw\realsense\labelled\beds_mattresses_beds_daybeds\vihals-day-bed-with-storage-1-mattress-white-vannareid-firm__1435110_pe983702_s5.jpg","vihals-day-bed-with-storage-1-mattress-white-vannareid-firm__1435110_pe983702_s5","vihals_day_bed_with_storage_1_mattress_white_vannareid_firm__1435110_pe983702_s5","beds_mattresses_beds_daybeds","beds_mattresses","0","not_in_current_yolo_split","safe_raw_stem_not_equal_to_or_suffix_of_any_yolo_combined_or_yolo_pseudo_val_or_test_image_stem"
"data\raw\realsense\labelled\beds_mattresses_beds_kids_beds_junior_extendable_beds\busunge-extendable-bed-white__0637820_pe698559_s5.jpg","busunge-extendable-bed-white__0637820_pe698559_s5","busunge_extendable_bed_white__0637820_pe698559_s5","beds_mattresses_beds_kids_beds_junior_extendable_beds","beds_mattresses","0","not_in_current_yolo_split","safe_raw_stem_not_equal_to_or_suffix_of_any_yolo_combined_or_yolo_pseudo_val_or_test_image_stem"
"data\raw\realsense\labelled\beds_mattresses_beds_kids_beds_junior_extendable_beds\kritter-bed-frame-with-slatted-bed-base-white__0636267_pe697767_s5.jpg","kritter-bed-frame-with-slatted-bed-base-white__0636267_pe697767_s5","kritter_bed_frame_with_slatted_bed_base_white__0636267_pe697767_s5","beds_mattresses_beds_kids_beds_junior_extendable_beds","beds_mattresses","0","not_in_current_yolo_split","safe_raw_stem_not_equal_to_or_suffix_of_any_yolo_combined_or_yolo_pseudo_val_or_test_image_stem"
"data\raw\realsense\labelled\beds_mattresses_beds_kids_beds_junior_extendable_beds\minnen-ext-bed-frame-with-slatted-bed-base-white__0636271_pe697771_s5.jpg","minnen-ext-bed-frame-with-slatted-bed-base-white__0636271_pe697771_s5","minnen_ext_bed_frame_with_slatted_bed_base_white__0636271_pe697771_s5","beds_mattresses_beds_kids_beds_junior_extendable_beds","beds_mattresses","0","already_in_train_pseudo_or_combined","safe_raw_stem_not_equal_to_or_suffix_of_any_yolo_combined_or_yolo_pseudo_val_or_test_image_stem"
"data\raw\realsense\labelled\beds_mattresses_beds_kids_beds_junior_extendable_beds\nattapa-guard-rail-white__1057784_pe848973_s5.jpg","nattapa-guard-rail-white__1057784_pe848973_s5","nattapa_guard_rail_white__1057784_pe848973_s5","beds_mattresses_beds_kids_beds_junior_extendable_beds","beds_mattresses","0","not_in_current_yolo_split","safe_raw_stem_not_equal_to_or_suffix_of_any_yolo_combined_or_yolo_pseudo_val_or_test_image_stem"
"data\raw\realsense\labelled\beds_mattresses_beds_kids_beds_junior_extendable_beds\slaekt-ext-bed-frame-with-slatted-bed-base-white-birch__0792601_pe764766_s5.jpg","slaekt-ext-bed-frame-with-slatted-bed-base-white-birch__0792601_pe764766_s5","slaekt_ext_bed_frame_with_slatted_bed_base_white_birch__0792601_pe764766_s5","beds_mattresses_beds_kids_beds_junior_extendable_beds","beds_mattresses","0","not_in_current_yolo_split","safe_raw_stem_not_equal_to_or_suffix_of_any_yolo_combined_or_yolo_pseudo_val_or_test_image_stem"
"data\raw\realsense\labelled\beds_mattresses_beds_kids_beds_junior_extendable_beds\slaekt-headboard-birch__0791109_pe764516_s5.jpg","slaekt-headboard-birch__0791109_pe764516_s5","slaekt_headboard_birch__0791109_pe764516_s5","beds_mattresses_beds_kids_beds_junior_extendable_beds","beds_mattresses","0","not_in_current_yolo_split","safe_raw_stem_not_equal_to_or_suffix_of_any_yolo_combined_or_yolo_pseudo_val_or_test_image_stem"
"data\raw\realsense\labelled\beds_mattresses_beds_kids_beds_junior_extendable_beds\slaekt-headboard-with-cover-vissle-beige__1383091_pe967163_s5.jpg","slaekt-headboard-with-cover-vissle-beige__1383091_pe967163_s5","slaekt_headboard_with_cover_vissle_beige__1383091_pe967163_s5","beds_mattresses_beds_kids_beds_junior_extendable_beds","beds_mattresses","0","not_in_current_yolo_split","safe_raw_stem_not_equal_to_or_suffix_of_any_yolo_combined_or_yolo_pseudo_val_or_test_image_stem"
"data\raw\realsense\labelled\beds_mattresses_beds_kids_beds_junior_extendable_beds\sniglar-bed-frame-with-slatted-bed-base-beech__0637773_pe698533_s5.jpg","sniglar-bed-frame-with-slatted-bed-base-beech__0637773_pe698533_s5","sniglar_bed_frame_with_slatted_bed_base_beech__0637773_pe698533_s5","beds_mattresses_beds_kids_beds_junior_extendable_beds","beds_mattresses","0","already_in_train_pseudo_or_combined","safe_raw_stem_not_equal_to_or_suffix_of_any_yolo_combined_or_yolo_pseudo_val_or_test_image_stem"
"data\raw\realsense\labelled\beds_mattresses_beds_kids_beds_junior_extendable_beds\sundvik-ext-bed-frame-with-slatted-bed-base-white__0637817_pe698558_s5.jpg","sundvik-ext-bed-frame-with-slatted-bed-base-white__0637817_pe698558_s5","sundvik_ext_bed_frame_with_slatted_bed_base_white__0637817_pe698558_s5","beds_mattresses_beds_kids_beds_junior_extendable_beds","beds_mattresses","0","not_in_current_yolo_split","safe_raw_stem_not_equal_to_or_suffix_of_any_yolo_combined_or_yolo_pseudo_val_or_test_image_stem"
"data\raw\realsense\labelled\beds_mattresses_beds_kids_beds_kids_single_beds\kura-reversible-bed-white-pine__0636268_pe697768_s5.jpg","kura-reversible-bed-white-pine__0636268_pe697768_s5","kura_reversible_bed_white_pine__0636268_pe697768_s5","beds_mattresses_beds_kids_beds_kids_single_beds","beds_mattresses","0","already_in_train_pseudo_or_combined","safe_raw_stem_not_equal_to_or_suffix_of_any_yolo_combined_or_yolo_pseudo_val_or_test_image_stem"
"data\raw\realsense\labelled\beds_mattresses_beds_kids_beds_kids_single_beds\slaekt-bed-frame-incl-headboard-vissle-beige__1451403_pe990720_s5.jpg","slaekt-bed-frame-incl-headboard-vissle-beige__1451403_pe990720_s5","slaekt_bed_frame_incl_headboard_vissle_beige__1451403_pe990720_s5","beds_mattresses_beds_kids_beds_kids_single_beds","beds_mattresses","0","already_in_train_pseudo_or_combined","safe_raw_stem_not_equal_to_or_suffix_of_any_yolo_combined_or_yolo_pseudo_val_or_test_image_stem"
"data\raw\realsense\labelled\beds_mattresses_beds_kids_beds_kids_single_beds\slaekt-bed-frame-with-storage-incl-headboard-vissle-beige__1451401_pe990719_s5.jpg","slaekt-bed-frame-with-storage-incl-headboard-vissle-beige__1451401_pe990719_s5","slaekt_bed_frame_with_storage_incl_headboard_vissle_beige__1451401_pe990719_s5","beds_mattresses_beds_kids_beds_kids_single_beds","beds_mattresses","0","not_in_current_yolo_split","safe_raw_stem_not_equal_to_or_suffix_of_any_yolo_combined_or_yolo_pseudo_val_or_test_image_stem"
"data\raw\realsense\labelled\beds_mattresses_beds_kids_beds_kids_single_beds\slaekt-bed-frame-w-pull-out-bed-storage-white__0637775_pe698535_s5.jpg","slaekt-bed-frame-w-pull-out-bed-storage-white__0637775_pe698535_s5","slaekt_bed_frame_w_pull_out_bed_storage_white__0637775_pe698535_s5","beds_mattresses_beds_kids_beds_kids_single_beds","beds_mattresses","0","already_in_train_pseudo_or_combined","safe_raw_stem_not_equal_to_or_suffix_of_any_yolo_combined_or_yolo_pseudo_val_or_test_image_stem"
"data\raw\realsense\labelled\beds_mattresses_beds_kids_beds_kids_single_beds\slaekt-nattapa-bed-frame-w-guard-rail-slat-bd-base-white__1305314_pe939439_s5.jpg","slaekt-nattapa-bed-frame-w-guard-rail-slat-bd-base-white__1305314_pe939439_s5","slaekt_nattapa_bed_frame_w_guard_rail_slat_bd_base_white__1305314_pe939439_s5","beds_mattresses_beds_kids_beds_kids_single_beds","beds_mattresses","0","not_in_current_yolo_split","safe_raw_stem_not_equal_to_or_suffix_of_any_yolo_combined_or_yolo_pseudo_val_or_test_image_stem"
"data\raw\realsense\labelled\beds_mattresses_beds_kids_beds_kids_single_beds\slaekt-nattapa-ext-bed-frm-w-guard-rl-slat-bd-base-white__1305321_pe939447_s5.jpg","slaekt-nattapa-ext-bed-frm-w-guard-rl-slat-bd-base-white__1305321_pe939447_s5","slaekt_nattapa_ext_bed_frm_w_guard_rl_slat_bd_base_white__1305321_pe939447_s5","beds_mattresses_beds_kids_beds_kids_single_beds","beds_mattresses","0","not_in_current_yolo_split","safe_raw_stem_not_equal_to_or_suffix_of_any_yolo_combined_or_yolo_pseudo_val_or_test_image_stem"
"data\raw\realsense\labelled\beds_mattresses_beds_kids_beds_kids_single_beds\slaekt-pull-out-bed-with-storage-white__0637776_pe698534_s5.jpg","slaekt-pull-out-bed-with-storage-white__0637776_pe698534_s5","slaekt_pull_out_bed_with_storage_white__0637776_pe698534_s5","beds_mattresses_beds_kids_beds_kids_single_beds","beds_mattresses","0","not_in_current_yolo_split","safe_raw_stem_not_equal_to_or_suffix_of_any_yolo_combined_or_yolo_pseudo_val_or_test_image_stem"
"data\raw\realsense\labelled\beds_mattresses_beds_kids_beds_kids_single_beds\smyga-bed-frame-light-gray__1287527_pe933930_s5.jpg","smyga-bed-frame-light-gray__1287527_pe933930_s5","smyga_bed_frame_light_gray__1287527_pe933930_s5","beds_mattresses_beds_kids_beds_kids_single_beds","beds_mattresses","0","already_in_train_pseudo_or_combined","safe_raw_stem_not_equal_to_or_suffix_of_any_yolo_combined_or_yolo_pseudo_val_or_test_image_stem"
"data\raw\realsense\labelled\beds_mattresses_beds_kids_beds_kids_single_beds\smyga-bed-frame-with-storage-light-gray__1287535_pe933939_s5.jpg","smyga-bed-frame-with-storage-light-gray__1287535_pe933939_s5","smyga_bed_frame_with_storage_light_gray__1287535_pe933939_s5","beds_mattresses_beds_kids_beds_kids_single_beds","beds_mattresses","0","already_in_train_pseudo_or_combined","safe_raw_stem_not_equal_to_or_suffix_of_any_yolo_combined_or_yolo_pseudo_val_or_test_image_stem"
"data\raw\realsense\labelled\beds_mattresses_beds_kids_beds_kids_single_beds\tuffing-loft-bed-frame-dark-gray__0638050_pe698663_s5.jpg","tuffing-loft-bed-frame-dark-gray__0638050_pe698663_s5","tuffing_loft_bed_frame_dark_gray__0638050_pe698663_s5","beds_mattresses_beds_kids_beds_kids_single_beds","beds_mattresses","0","not_in_current_yolo_split","safe_raw_stem_not_equal_to_or_suffix_of_any_yolo_combined_or_yolo_pseudo_val_or_test_image_stem"
"data\raw\realsense\labelled\beds_mattresses_beds_kids_beds_kids_single_beds\vitval-desk-top-white__0688102_pe722299_s5.jpg","vitval-desk-top-white__0688102_pe722299_s5","vitval_desk_top_white__0688102_pe722299_s5","beds_mattresses_beds_kids_beds_kids_single_beds","beds_mattresses","0","not_in_current_yolo_split","safe_raw_stem_not_equal_to_or_suffix_of_any_yolo_combined_or_yolo_pseudo_val_or_test_image_stem"
"data\raw\realsense\labelled\beds_mattresses_beds_kids_beds_kids_single_beds\vitval-loft-bed-frame-white-light-gray__0688128_pe722324_s5.jpg","vitval-loft-bed-frame-white-light-gray__0688128_pe722324_s5","vitval_loft_bed_frame_white_light_gray__0688128_pe722324_s5","beds_mattresses_beds_kids_beds_kids_single_beds","beds_mattresses","0","not_in_current_yolo_split","safe_raw_stem_not_equal_to_or_suffix_of_any_yolo_combined_or_yolo_pseudo_val_or_test_image_stem"
"data\raw\realsense\labelled\beds_mattresses_beds_kids_beds_kids_single_beds\vitval-loft-bed-frame-with-desk-top-white-light-gray__0688141_pe722337_s5.jpg","vitval-loft-bed-frame-with-desk-top-white-light-gray__0688141_pe722337_s5","vitval_loft_bed_frame_with_desk_top_white_light_gray__0688141_pe722337_s5","beds_mattresses_beds_kids_beds_kids_single_beds","beds_mattresses","0","not_in_current_yolo_split","safe_raw_stem_not_equal_to_or_suffix_of_any_yolo_combined_or_yolo_pseudo_val_or_test_image_stem"
"data\raw\realsense\labelled\beds_mattresses_beds_kids_loft_beds_bunk_beds_bunk_beds_frames\mydal-bunk-bed-frame-pine__0636259_pe697760_s5.jpg","mydal-bunk-bed-frame-pine__0636259_pe697760_s5","mydal_bunk_bed_frame_pine__0636259_pe697760_s5","beds_mattresses_beds_kids_loft_beds_bunk_beds_bunk_beds_frames","beds_mattresses","0","already_in_train_pseudo_or_combined","safe_raw_stem_not_equal_to_or_suffix_of_any_yolo_combined_or_yolo_pseudo_val_or_test_image_stem"
"data\raw\realsense\labelled\beds_mattresses_beds_kids_loft_beds_bunk_beds_bunk_beds_frames\mydal-bunk-bed-frame-white__0797007_pe766651_s5.jpg","mydal-bunk-bed-frame-white__0797007_pe766651_s5","mydal_bunk_bed_frame_white__0797007_pe766651_s5","beds_mattresses_beds_kids_loft_beds_bunk_beds_bunk_beds_frames","beds_mattresses","0","not_in_current_yolo_split","safe_raw_stem_not_equal_to_or_suffix_of_any_yolo_combined_or_yolo_pseudo_val_or_test_image_stem"
"data\raw\realsense\labelled\beds_mattresses_beds_kids_loft_beds_bunk_beds_bunk_beds_frames\tuffing-bunk-bed-frame-dark-gray__0638044_pe698660_s5.jpg","tuffing-bunk-bed-frame-dark-gray__0638044_pe698660_s5","tuffing_bunk_bed_frame_dark_gray__0638044_pe698660_s5","beds_mattresses_beds_kids_loft_beds_bunk_beds_bunk_beds_frames","beds_mattresses","0","already_in_train_pseudo_or_combined","safe_raw_stem_not_equal_to_or_suffix_of_any_yolo_combined_or_yolo_pseudo_val_or_test_image_stem"
"data\raw\realsense\labelled\beds_mattresses_beds_kids_loft_beds_bunk_beds_loft_beds\stora-loft-bed-frame-black__0749152_pe745510_s5.jpg","stora-loft-bed-frame-black__0749152_pe745510_s5","stora_loft_bed_frame_black__0749152_pe745510_s5","beds_mattresses_beds_kids_loft_beds_bunk_beds_loft_beds","beds_mattresses","0","not_in_current_yolo_split","safe_raw_stem_not_equal_to_or_suffix_of_any_yolo_combined_or_yolo_pseudo_val_or_test_image_stem"
"data\raw\realsense\labelled\beds_mattresses_mattresses_crib_mattresses\jaettetroett-pocket-spring-mattress-for-crib-white__0636885_pe698074_s5.jpg","jaettetroett-pocket-spring-mattress-for-crib-white__0636885_pe698074_s5","jaettetroett_pocket_spring_mattress_for_crib_white__0636885_pe698074_s5","beds_mattresses_mattresses_crib_mattresses","beds_mattresses","0","not_in_current_yolo_split","safe_raw_stem_not_equal_to_or_suffix_of_any_yolo_combined_or_yolo_pseudo_val_or_test_image_stem"
"data\raw\realsense\labelled\beds_mattresses_mattresses_crib_mattresses\krummelur-foam-mattress-for-crib__0748976_pe745369_s5.jpg","krummelur-foam-mattress-for-crib__0748976_pe745369_s5","krummelur_foam_mattress_for_crib__0748976_pe745369_s5","beds_mattresses_mattresses_crib_mattresses","beds_mattresses","0","not_in_current_yolo_split","safe_raw_stem_not_equal_to_or_suffix_of_any_yolo_combined_or_yolo_pseudo_val_or_test_image_stem"
"data\raw\realsense\labelled\beds_mattresses_mattresses_crib_mattresses\pelleplutt-foam-mattress-for-crib__0748977_pe745365_s5.jpg","pelleplutt-foam-mattress-for-crib__0748977_pe745365_s5","pelleplutt_foam_mattress_for_crib__0748977_pe745365_s5","beds_mattresses_mattresses_crib_mattresses","beds_mattresses","0","not_in_current_yolo_split","safe_raw_stem_not_equal_to_or_suffix_of_any_yolo_combined_or_yolo_pseudo_val_or_test_image_stem"
"data\raw\realsense\labelled\beds_mattresses_mattresses_crib_mattresses\skoenast-foam-mattress-for-crib__0544474_pe655567_s5.jpg","skoenast-foam-mattress-for-crib__0544474_pe655567_s5","skoenast_foam_mattress_for_crib__0544474_pe655567_s5","beds_mattresses_mattresses_crib_mattresses","beds_mattresses","0","not_in_current_yolo_split","safe_raw_stem_not_equal_to_or_suffix_of_any_yolo_combined_or_yolo_pseudo_val_or_test_image_stem"
"data\raw\realsense\labelled\beds_mattresses_mattresses_foam_mattresses\abrotten-foam-mattress-firm-white__1142853_pe881374_s5.jpg","abrotten-foam-mattress-firm-white__1142853_pe881374_s5","abrotten_foam_mattress_firm_white__1142853_pe881374_s5","beds_mattresses_mattresses_foam_mattresses","beds_mattresses","0","not_in_current_yolo_split","safe_raw_stem_not_equal_to_or_suffix_of_any_yolo_combined_or_yolo_pseudo_val_or_test_image_stem"
"data\raw\realsense\labelled\beds_mattresses_mattresses_foam_mattresses\agotnes-foam-mattress-firm-light-blue__0986609_pe818096_s5.jpg","agotnes-foam-mattress-firm-light-blue__0986609_pe818096_s5","agotnes_foam_mattress_firm_light_blue__0986609_pe818096_s5","beds_mattresses_mattresses_foam_mattresses","beds_mattresses","0","not_in_current_yolo_split","safe_raw_stem_not_equal_to_or_suffix_of_any_yolo_combined_or_yolo_pseudo_val_or_test_image_stem"
"data\raw\realsense\labelled\beds_mattresses_mattresses_foam_mattresses\akrehamn-foam-mattress-firm-white__1015271_pe829965_s5.jpg","akrehamn-foam-mattress-firm-white__1015271_pe829965_s5","akrehamn_foam_mattress_firm_white__1015271_pe829965_s5","beds_mattresses_mattresses_foam_mattresses","beds_mattresses","0","not_in_current_yolo_split","safe_raw_stem_not_equal_to_or_suffix_of_any_yolo_combined_or_yolo_pseudo_val_or_test_image_stem"
"data\raw\realsense\labelled\beds_mattresses_mattresses_foam_mattresses\anneland-hybrid-mattress-firm-white__1015263_pe829963_s5.jpg","anneland-hybrid-mattress-firm-white__1015263_pe829963_s5","anneland_hybrid_mattress_firm_white__1015263_pe829963_s5","beds_mattresses_mattresses_foam_mattresses","beds_mattresses","0","not_in_current_yolo_split","safe_raw_stem_not_equal_to_or_suffix_of_any_yolo_combined_or_yolo_pseudo_val_or_test_image_stem"
"data\raw\realsense\labelled\beds_mattresses_mattresses_foam_mattresses\asbygda-foam-mattress-firm-white__1142848_pe881370_s5.jpg","asbygda-foam-mattress-firm-white__1142848_pe881370_s5","asbygda_foam_mattress_firm_white__1142848_pe881370_s5","beds_mattresses_mattresses_foam_mattresses","beds_mattresses","0","not_in_current_yolo_split","safe_raw_stem_not_equal_to_or_suffix_of_any_yolo_combined_or_yolo_pseudo_val_or_test_image_stem"
"data\raw\realsense\labelled\beds_mattresses_mattresses_foam_mattresses\asvang-foam-mattress-medium-firm-white__0986620_pe818094_s5.jpg","asvang-foam-mattress-medium-firm-white__0986620_pe818094_s5","asvang_foam_mattress_medium_firm_white__0986620_pe818094_s5","beds_mattresses_mattresses_foam_mattresses","beds_mattresses","0","not_in_current_yolo_split","safe_raw_stem_not_equal_to_or_suffix_of_any_yolo_combined_or_yolo_pseudo_val_or_test_image_stem"
"data\raw\realsense\labelled\beds_mattresses_mattresses_kids_mattresses\innerlig-spring-mattress-for-extendable-bed__0748959_pe745349_s5.jpg","innerlig-spring-mattress-for-extendable-bed__0748959_pe745349_s5","innerlig_spring_mattress_for_extendable_bed__0748959_pe745349_s5","beds_mattresses_mattresses_kids_mattresses","beds_mattresses","0","already_in_train_pseudo_or_combined","safe_raw_stem_not_equal_to_or_suffix_of_any_yolo_combined_or_yolo_pseudo_val_or_test_image_stem"
"data\raw\realsense\labelled\beds_mattresses_mattresses_kids_mattresses\oemsint-pocket-spring-mattress-f-extend-bed__0748968_pe745358_s5.jpg","oemsint-pocket-spring-mattress-f-extend-bed__0748968_pe745358_s5","oemsint_pocket_spring_mattress_f_extend_bed__0748968_pe745358_s5","beds_mattresses_mattresses_kids_mattresses","beds_mattresses","0","not_in_current_yolo_split","safe_raw_stem_not_equal_to_or_suffix_of_any_yolo_combined_or_yolo_pseudo_val_or_test_image_stem"
"data\raw\realsense\labelled\beds_mattresses_mattresses_kids_mattresses\plutten-foam-mattress-for-extendable-bed__0636888_pe698077_s5.jpg","plutten-foam-mattress-for-extendable-bed__0636888_pe698077_s5","plutten_foam_mattress_for_extendable_bed__0636888_pe698077_s5","beds_mattresses_mattresses_kids_mattresses","beds_mattresses","0","not_in_current_yolo_split","safe_raw_stem_not_equal_to_or_suffix_of_any_yolo_combined_or_yolo_pseudo_val_or_test_image_stem"
"data\raw\realsense\labelled\beds_mattresses_mattresses_kids_mattresses\underlig-foam-mattress-for-junior-bed-white__0748964_pe745354_s5.jpg","underlig-foam-mattress-for-junior-bed-white__0748964_pe745354_s5","underlig_foam_mattress_for_junior_bed_white__0748964_pe745354_s5","beds_mattresses_mattresses_kids_mattresses","beds_mattresses","0","not_in_current_yolo_split","safe_raw_stem_not_equal_to_or_suffix_of_any_yolo_combined_or_yolo_pseudo_val_or_test_image_stem"
"data\raw\realsense\labelled\beds_mattresses_mattresses_kids_mattresses\vimsig-foam-mattress-for-extendable-bed__0748966_pe745356_s5.jpg","vimsig-foam-mattress-for-extendable-bed__0748966_pe745356_s5","vimsig_foam_mattress_for_extendable_bed__0748966_pe745356_s5","beds_mattresses_mattresses_kids_mattresses","beds_mattresses","0","already_in_train_pseudo_or_combined","safe_raw_stem_not_equal_to_or_suffix_of_any_yolo_combined_or_yolo_pseudo_val_or_test_image_stem"
"data\raw\realsense\labelled\beds_mattresses_mattresses_spring_hybrid_mattresses\vagstranda-pocket-spring-mattress-medium-firm-white__1142855_pe881376_s5.jpg","vagstranda-pocket-spring-mattress-medium-firm-white__1142855_pe881376_s5","vagstranda_pocket_spring_mattress_medium_firm_white__1142855_pe881376_s5","beds_mattresses_mattresses_spring_hybrid_mattresses","beds_mattresses","0","already_in_train_pseudo_or_combined","safe_raw_stem_not_equal_to_or_suffix_of_any_yolo_combined_or_yolo_pseudo_val_or_test_image_stem"
"data\raw\realsense\labelled\beds_mattresses_mattresses_spring_hybrid_mattresses\valevag-mattress-and-mattress-pad-medium-firm-white-nisseholm-white__1372289_pe959402_s5.jpg","valevag-mattress-and-mattress-pad-medium-firm-white-nisseholm-white__1372289_pe959402_s5","valevag_mattress_and_mattress_pad_medium_firm_white_nisseholm_white__1372289_pe959402_s5","beds_mattresses_mattresses_spring_hybrid_mattresses","beds_mattresses","0","not_in_current_yolo_split","safe_raw_stem_not_equal_to_or_suffix_of_any_yolo_combined_or_yolo_pseudo_val_or_test_image_stem"
"data\raw\realsense\labelled\beds_mattresses_mattresses_spring_hybrid_mattresses\valevag-pocket-spring-mattress-medium-firm-white__1142852_pe881371_s5.jpg","valevag-pocket-spring-mattress-medium-firm-white__1142852_pe881371_s5","valevag_pocket_spring_mattress_medium_firm_white__1142852_pe881371_s5","beds_mattresses_mattresses_spring_hybrid_mattresses","beds_mattresses","0","not_in_current_yolo_split","safe_raw_stem_not_equal_to_or_suffix_of_any_yolo_combined_or_yolo_pseudo_val_or_test_image_stem"
"data\raw\realsense\labelled\beds_mattresses_mattresses_spring_hybrid_mattresses\vannareid-pocket-spring-mattress-firm-beige__0962751_pe817171_s5.jpg","vannareid-pocket-spring-mattress-firm-beige__0962751_pe817171_s5","vannareid_pocket_spring_mattress_firm_beige__0962751_pe817171_s5","beds_mattresses_mattresses_spring_hybrid_mattresses","beds_mattresses","0","not_in_current_yolo_split","safe_raw_stem_not_equal_to_or_suffix_of_any_yolo_combined_or_yolo_pseudo_val_or_test_image_stem"
"data\raw\realsense\labelled\beds_mattresses_mattresses_spring_hybrid_mattresses\vesteroey-mattress-and-mattress-pad-medium-firm-white-nisseholm-white__1372279_pe959392_s5.jpg","vesteroey-mattress-and-mattress-pad-medium-firm-white-nisseholm-white__1372279_pe959392_s5","vesteroey_mattress_and_mattress_pad_medium_firm_white_nisseholm_white__1372279_pe959392_s5","beds_mattresses_mattresses_spring_hybrid_mattresses","beds_mattresses","0","not_in_current_yolo_split","safe_raw_stem_not_equal_to_or_suffix_of_any_yolo_combined_or_yolo_pseudo_val_or_test_image_stem"
"data\raw\realsense\labelled\beds_mattresses_mattresses_spring_hybrid_mattresses\vesteroey-pocket-spring-mattress-medium-firm-white__1142846_pe881368_s5.jpg","vesteroey-pocket-spring-mattress-medium-firm-white__1142846_pe881368_s5","vesteroey_pocket_spring_mattress_medium_firm_white__1142846_pe881368_s5","beds_mattresses_mattresses_spring_hybrid_mattresses","beds_mattresses","0","not_in_current_yolo_split","safe_raw_stem_not_equal_to_or_suffix_of_any_yolo_combined_or_yolo_pseudo_val_or_test_image_stem"
"data\raw\realsense\labelled\beds_mattresses_mattresses_spring_hybrid_mattresses\vingelen-eurotop-hybrid-mattress-plush-white__1142861_pe881377_s5.jpg","vingelen-eurotop-hybrid-mattress-plush-white__1142861_pe881377_s5","vingelen_eurotop_hybrid_mattress_plush_white__1142861_pe881377_s5","beds_mattresses_mattresses_spring_hybrid_mattresses","beds_mattresses","0","not_in_current_yolo_split","safe_raw_stem_not_equal_to_or_suffix_of_any_yolo_combined_or_yolo_pseudo_val_or_test_image_stem"
